workflow,task,model_name,mae,rmse,r2,mae_cells,rmse_cells,threshold,accuracy,precision,recall,f1,confusion_matrix,classification_report,roc_auc,pr_auc,selected_for
tree,regression,lightgbm,0.551031042710948,0.7338922348972465,0.8079614677849325,4976.012080122001,14045.107553596841,,,,,,,,,,regression
tree,classification,xgboost,,,,,,0.5,0.9425675675675675,0.9780876494023905,0.8959854014598541,0.9352380952380952,"[[625, 11], [57, 491]]","{'0': {'precision': 0.9164222873900293, 'recall': 0.9827044025157232, 'f1-score': 0.9484066767830045, 'support': 636.0}, '1': {'precision': 0.9780876494023905, 'recall': 0.8959854014598541, 'f1-score': 0.9352380952380952, 'support': 548.0}, 'accuracy': 0.9425675675675675, 'macro avg': {'precision': 0.9472549683962099, 'recall': 0.9393449019877886, 'f1-score': 0.9418223860105499, 'support': 1184.0}, 'weighted avg': {'precision': 0.9449633502133181, 'recall': 0.9425675675675675, 'f1-score': 0.9423117589733675, 'support': 1184.0}}",0.9940750814855621,0.9933352339931462,classification
non_tree,regression,elasticnet,0.49318901467027,0.677298655305645,0.8364373194070273,4764.268922871774,13977.196377411072,,,,,,,,,,regression
non_tree,classification,logistic_regression,,,,,,0.5,0.9543918918918919,0.942652329749104,0.9598540145985401,0.9511754068716094,"[[604, 32], [22, 526]]","{'0': {'precision': 0.9648562300319489, 'recall': 0.949685534591195, 'f1-score': 0.9572107765451664, 'support': 636.0}, '1': {'precision': 0.942652329749104, 'recall': 0.9598540145985401, 'f1-score': 0.9511754068716094, 'support': 548.0}, 'accuracy': 0.9543918918918919, 'macro avg': {'precision': 0.9537542798905264, 'recall': 0.9547697745948676, 'f1-score': 0.9541930917083878, 'support': 1184.0}, 'weighted avg': {'precision': 0.9545794248334698, 'recall': 0.9543918918918919, 'f1-score': 0.9544173790949052, 'support': 1184.0}}",0.9924195473534407,0.9910599978666252,classification
